<?xml version='1.0' encoding='utf-8' standalone='yes' ?>
<map>
    <boolean name="viper4android.headphonefx.convolver.enable" value="true" />
    <boolean name="viper4android.headphonefx.enable" value="true" />
    <string name="viper4android.headphonefx.dynamicsystem.bass">15</string>
    <string name="viper4android.headphonefx.fidelity.clarity.mode">2</string>
    <string name="viper4android.headphonefx.fidelity.clarity.gain">250</string>
    <string name="viper4android.headphonefx.dynamicsystem.coeffs">180;5800;55;80;10;70</string>
    <boolean name="viper4android.headphonefx.dynamicsystem.enable" value="true" />
    <string name="viper4android.headphonefx.convolver.kernel">Razor Surround ((48k Z-Edition)) 5.Stereo +70 Bass.irs</string>
    <boolean name="viper4android.headphonefx.fidelity.clarity.enable" value="true" />
</map>
